{"stats":{"minecraft:dropped":{"minecraft:wheat_seeds":1,"minecraft:sunflower":1},"minecraft:custom":{"minecraft:mob_kills":11,"minecraft:interact_with_crafting_table":6,"minecraft:open_barrel":3,"minecraft:interact_with_campfire":13,"minecraft:pot_flower":1,"minecraft:leave_game":9,"minecraft:time_since_death":31530,"minecraft:sleep_in_bed":3,"minecraft:climb_one_cm":1701,"minecraft:time_since_rest":3431,"minecraft:sprint_one_cm":346768,"minecraft:damage_taken":4024,"minecraft:walk_one_cm":188915,"minecraft:drop":2,"minecraft:damage_dealt":2478,"minecraft:swim_one_cm":30812,"minecraft:talked_to_villager":1,"minecraft:fly_one_cm":483062,"minecraft:open_chest":20,"minecraft:crouch_one_cm":2173,"minecraft:play_time":128815,"minecraft:sneak_time":1253,"minecraft:deaths":13,"minecraft:walk_under_water_one_cm":11939,"minecraft:jump":2131,"minecraft:interact_with_smoker":1,"minecraft:walk_on_water_one_cm":22954,"minecraft:total_world_time":128815,"minecraft:fall_one_cm":72601},"minecraft:mined":{"biomesoplenty:maple_log":5,"biomesoplenty:glowworm_silk":3,"biomesoplenty:wildflower":1,"minecraft:crafting_table":1,"biomesoplenty:red_maple_leaves":4,"minecraft:short_grass":10,"minecraft:grass_block":8,"minecraft:decorated_pot":2,"minecraft:cobblestone":3,"biomesoplenty:tall_white_lavender":4,"minecraft:spruce_leaves":9,"biomesoplenty:sprout":9,"minecraft:purple_bed":2,"biomesoplenty:toadstool":3,"biomesoplenty:red_maple_leaf_pile":1,"minecraft:potted_torchflower":1,"minecraft:sweet_berry_bush":1,"biomesoplenty:violet":1,"minecraft:spruce_log":11,"minecraft:black_bed":1,"biomesoplenty:fir_log":26,"minecraft:skeleton_wall_skull":1,"minecraft:oak_log":2,"biomesoplenty:fir_leaves":1,"biomesoplenty:webbing":3,"minecraft:zombie_head":1,"minecraft:sunflower":2,"minecraft:gravel":4,"minecraft:sand":3,"minecraft:dirt":14,"biomesoplenty:barley":2,"minecraft:stone":8,"minecraft:oak_leaves":6,"minecraft:fern":1,"biomesoplenty:reed":1},"minecraft:killed_by":{"minecraft:vindicator":2,"riskofrain_mobs:stone_golem_entity":3,"riskofrain_mobs:lemurian_entity":1,"minecraft:skeleton":4,"minecraft:zombie":1},"minecraft:picked_up":{"minecraft:crafting_table":1,"minecraft:clock":1,"minecraft:flower_pot":1,"minecraft:black_bed":1,"minecraft:leather":4,"minecraft:wooden_pickaxe":1,"minecraft:potato":2,"biomesoplenty:violet":1,"biomesoplenty:fir_log":26,"minecraft:torchflower":1,"minecraft:oak_log":2,"minecraft:dirt":41,"minecraft:iron_axe":1,"minecraft:zombie_head":3,"minecraft:bone":9,"minecraft:bow":5,"minecraft:wheat_seeds":1,"biomesoplenty:fir_planks":8,"biomesoplenty:maple_log":5,"minecraft:beef":10,"biomesoplenty:wildflower":19,"minecraft:egg":3,"biomesoplenty:toadstool":3,"minecraft:stick":10,"minecraft:gravel":3,"biomesoplenty:tall_white_lavender":3,"minecraft:sand":3,"minecraft:spruce_sapling":2,"minecraft:spruce_log":11,"minecraft:rotten_flesh":6,"minecraft:arrow":10,"minecraft:purple_bed":1,"minecraft:decorated_pot":2,"minecraft:emerald":1,"minecraft:gold_ingot":1,"minecraft:baked_potato":13,"minecraft:oak_sapling":2,"minecraft:skeleton_skull":5,"minecraft:cobblestone":14,"minecraft:sunflower":2},"minecraft:crafted":{"minecraft:wooden_sword":4,"minecraft:oak_planks":4,"minecraft:crafting_table":3,"minecraft:spruce_planks":44,"minecraft:wooden_pickaxe":2,"biomesoplenty:maple_planks":20,"biomesoplenty:fir_planks":44,"minecraft:stick":16},"minecraft:killed":{"riskofrain_mobs:lemurian_entity":3,"minecraft:vindicator":1,"minecraft:skeleton":3,"minecraft:pillager":1,"minecraft:cow":3},"minecraft:used":{"minecraft:leather_leggings":1,"minecraft:baked_potato":4,"biomesoplenty:maple_planks":7,"minecraft:decorated_pot":2,"minecraft:spruce_planks":16,"minecraft:wooden_pickaxe":12,"biomesoplenty:fir_planks":14,"minecraft:spruce_leaves":5,"minecraft:dirt":25,"minecraft:sand":3,"minecraft:crafting_table":3,"minecraft:carrot":4,"biomesoplenty:wildflower":1,"minecraft:oak_log":1,"biomesoplenty:tall_white_lavender":2,"minecraft:flower_pot":1,"minecraft:zombie_head":1,"minecraft:sunflower":1,"minecraft:iron_axe":37,"minecraft:bread":7,"minecraft:spruce_sapling":2,"minecraft:gravel":2,"biomesoplenty:toadstool":3,"minecraft:purple_bed":1,"minecraft:cobblestone":14,"minecraft:wooden_sword":19,"minecraft:beef":10,"minecraft:sweet_berries":9,"minecraft:cooked_porkchop":2,"minecraft:cooked_rabbit":1,"minecraft:skeleton_skull":1,"minecraft:egg":3,"minecraft:potato":5,"biomesoplenty:fir_log":15}},"DataVersion":3953}