{"stats":{"minecraft:used":{"minecraft:dirt":1},"minecraft:picked_up":{"minecraft:dirt":1},"minecraft:mined":{"minecraft:grass_block":1},"minecraft:custom":{"minecraft:jump":37,"minecraft:time_since_rest":13985,"minecraft:leave_game":1,"minecraft:sprint_one_cm":4828,"minecraft:play_time":13985,"minecraft:damage_taken":80,"minecraft:time_since_death":13985,"minecraft:walk_one_cm":1153,"minecraft:total_world_time":13985,"minecraft:fall_one_cm":1948,"minecraft:fly_one_cm":6067}},"DataVersion":3953}