{"stats":{"minecraft:picked_up":{"biomesoplenty:toadstool":1,"minecraft:stick":1,"minecraft:clock":1,"minecraft:flower_pot":1,"minecraft:wooden_pickaxe":1,"minecraft:potato":2,"minecraft:torchflower":1,"biomesoplenty:fir_log":3,"biomesoplenty:tall_white_lavender":2,"minecraft:oak_log":1,"minecraft:spruce_log":1,"minecraft:dirt":22,"minecraft:zombie_head":3,"minecraft:rotten_flesh":6,"minecraft:decorated_pot":2,"biomesoplenty:maple_log":5,"minecraft:baked_potato":5,"minecraft:oak_sapling":2,"biomesoplenty:wildflower":18,"minecraft:egg":1,"minecraft:sunflower":1},"minecraft:crafted":{"biomesoplenty:fir_planks":8,"minecraft:wooden_sword":1,"minecraft:oak_planks":4,"minecraft:crafting_table":1,"minecraft:spruce_planks":4,"minecraft:stick":4,"minecraft:wooden_pickaxe":1,"biomesoplenty:maple_planks":20},"minecraft:killed":{"minecraft:pillager":1},"minecraft:mined":{"biomesoplenty:maple_log":5,"biomesoplenty:toadstool":1,"biomesoplenty:red_maple_leaf_pile":1,"minecraft:potted_torchflower":1,"minecraft:sweet_berry_bush":1,"minecraft:spruce_log":1,"biomesoplenty:fir_log":3,"biomesoplenty:red_maple_leaves":4,"minecraft:grass_block":1,"minecraft:oak_log":1,"minecraft:decorated_pot":2,"minecraft:zombie_head":1,"minecraft:sunflower":1,"minecraft:dirt":2,"biomesoplenty:tall_white_lavender":3,"minecraft:spruce_leaves":3,"minecraft:oak_leaves":3},"minecraft:dropped":{"minecraft:sunflower":1},"minecraft:killed_by":{"minecraft:vindicator":2,"minecraft:zombie":1},"minecraft:custom":{"minecraft:time_since_rest":17535,"minecraft:damage_taken":926,"minecraft:sprint_one_cm":105764,"minecraft:walk_one_cm":34619,"minecraft:mob_kills":1,"minecraft:drop":1,"minecraft:damage_dealt":597,"minecraft:interact_with_crafting_table":2,"minecraft:swim_one_cm":17313,"minecraft:talked_to_villager":1,"minecraft:fly_one_cm":135771,"minecraft:open_chest":7,"minecraft:crouch_one_cm":484,"minecraft:play_time":31902,"minecraft:interact_with_campfire":5,"minecraft:deaths":3,"minecraft:sneak_time":206,"minecraft:walk_under_water_one_cm":2163,"minecraft:pot_flower":1,"minecraft:jump":593,"minecraft:leave_game":3,"minecraft:time_since_death":17513,"minecraft:walk_on_water_one_cm":4586,"minecraft:total_world_time":31902,"minecraft:climb_one_cm":357,"minecraft:fall_one_cm":16822},"minecraft:used":{"minecraft:flower_pot":1,"biomesoplenty:tall_white_lavender":1,"minecraft:zombie_head":1,"minecraft:baked_potato":4,"biomesoplenty:maple_planks":5,"minecraft:decorated_pot":2,"biomesoplenty:toadstool":1,"minecraft:wooden_sword":8,"minecraft:dirt":10,"minecraft:sweet_berries":9,"minecraft:crafting_table":1,"minecraft:carrot":4,"minecraft:egg":1,"minecraft:potato":4,"biomesoplenty:fir_log":1}},"DataVersion":3953}