{"stats":{"minecraft:mined":{"minecraft:grass_block":3,"minecraft:dirt":1},"minecraft:killed_by":{"minecraft:skeleton":1},"minecraft:used":{"minecraft:dirt":4},"minecraft:custom":{"minecraft:jump":41,"minecraft:time_since_rest":785,"minecraft:leave_game":1,"minecraft:deaths":1,"minecraft:sprint_one_cm":3315,"minecraft:play_time":10218,"minecraft:damage_taken":285,"minecraft:time_since_death":759,"minecraft:walk_one_cm":2233,"minecraft:total_world_time":10218,"minecraft:fall_one_cm":211,"minecraft:fly_one_cm":5380},"minecraft:picked_up":{"minecraft:dirt":4}},"DataVersion":3955}