{"stats":{"minecraft:picked_up":{"minecraft:clock":1,"minecraft:flower_pot":1,"minecraft:wooden_pickaxe":1,"minecraft:potato":2,"biomesoplenty:fir_log":3,"minecraft:torchflower":1,"minecraft:oak_log":2,"minecraft:dirt":26,"minecraft:zombie_head":3,"biomesoplenty:maple_log":5,"biomesoplenty:wildflower":18,"minecraft:egg":1,"biomesoplenty:toadstool":1,"minecraft:stick":1,"minecraft:gravel":3,"biomesoplenty:tall_white_lavender":2,"minecraft:spruce_log":1,"minecraft:rotten_flesh":6,"minecraft:purple_bed":1,"minecraft:decorated_pot":2,"minecraft:baked_potato":13,"minecraft:oak_sapling":2,"minecraft:sunflower":1},"minecraft:crafted":{"minecraft:wooden_sword":1,"minecraft:oak_planks":4,"minecraft:crafting_table":1,"minecraft:spruce_planks":4,"minecraft:wooden_pickaxe":1,"biomesoplenty:maple_planks":20,"biomesoplenty:fir_planks":8,"minecraft:stick":4},"minecraft:killed":{"minecraft:pillager":1},"minecraft:mined":{"biomesoplenty:maple_log":5,"biomesoplenty:red_maple_leaves":4,"minecraft:grass_block":1,"minecraft:decorated_pot":2,"biomesoplenty:tall_white_lavender":3,"minecraft:spruce_leaves":4,"minecraft:purple_bed":2,"biomesoplenty:toadstool":1,"biomesoplenty:red_maple_leaf_pile":1,"minecraft:potted_torchflower":1,"minecraft:sweet_berry_bush":1,"minecraft:spruce_log":1,"biomesoplenty:fir_log":3,"minecraft:oak_log":2,"minecraft:gravel":4,"minecraft:zombie_head":1,"minecraft:sunflower":1,"minecraft:dirt":6,"minecraft:oak_leaves":4},"minecraft:dropped":{"minecraft:sunflower":1},"minecraft:custom":{"minecraft:mob_kills":1,"minecraft:interact_with_crafting_table":2,"minecraft:interact_with_campfire":13,"minecraft:pot_flower":1,"minecraft:leave_game":5,"minecraft:time_since_death":528,"minecraft:sleep_in_bed":1,"minecraft:climb_one_cm":357,"minecraft:time_since_rest":572,"minecraft:sprint_one_cm":131967,"minecraft:walk_one_cm":46651,"minecraft:damage_taken":1409,"minecraft:drop":1,"minecraft:damage_dealt":597,"minecraft:swim_one_cm":17313,"minecraft:talked_to_villager":1,"minecraft:fly_one_cm":185258,"minecraft:open_chest":9,"minecraft:crouch_one_cm":572,"minecraft:play_time":45762,"minecraft:deaths":5,"minecraft:sneak_time":375,"minecraft:walk_under_water_one_cm":5404,"minecraft:jump":796,"minecraft:walk_on_water_one_cm":5721,"minecraft:total_world_time":45762,"minecraft:fall_one_cm":26031},"minecraft:killed_by":{"minecraft:vindicator":2,"minecraft:skeleton":1,"minecraft:zombie":1},"minecraft:used":{"minecraft:leather_leggings":1,"minecraft:baked_potato":4,"biomesoplenty:maple_planks":7,"minecraft:decorated_pot":2,"minecraft:dirt":12,"minecraft:crafting_table":1,"minecraft:carrot":4,"biomesoplenty:tall_white_lavender":1,"minecraft:flower_pot":1,"minecraft:zombie_head":1,"minecraft:bread":2,"minecraft:gravel":2,"biomesoplenty:toadstool":1,"minecraft:wooden_sword":8,"minecraft:sweet_berries":9,"minecraft:purple_bed":1,"minecraft:egg":1,"biomesoplenty:fir_log":1,"minecraft:potato":4}},"DataVersion":3953}